DATE,SERVICE,NOTES,STATUS
2023-11-30-17-03-07,Main site,http://bioconductor.org HTTP/1.1 200,ok
2023-11-30-17-03-45,Main site,http://bioconductor.org HTTP/1.1 200,ok
2023-11-30-17-03-46,Workshop Service,http://workshop.bioconductor.org HTTP/2 200,ok
2023-11-30-17-03-46,Archive,https://mghp.osn.xsede.org/bir190004-bucket01/archive.bioconductor.org/packages/3.17/index.html HTTP/1.1 200,ok
2023-11-30-17-04-11,Main site,http://bioconductor.org HTTP/1.1 200,ok
2023-11-30-17-04-11,Workshop Service,http://workshop.bioconductor.org HTTP/2 200,ok
2023-11-30-17-04-11,Archive,https://mghp.osn.xsede.org/bir190004-bucket01/archive.bioconductor.org/packages/3.17/index.html HTTP/1.1 200,ok
2023-11-30-17-05-20,Main site,http://bioconductor.org HTTP/1.1 200,ok
2023-11-30-17-05-20,Workshop Service,http://workshop.bioconductor.org HTTP/2 200,ok
2023-11-30-17-05-20,Archive,https://mghp.osn.xsede.org/bir190004-bucket01/archive.bioconductor.org/packages/3.17/index.html HTTP/1.1 200,ok
2023-11-30-17-15-58,Main site,http://bioconductor.org HTTP/1.1 200,ok
2023-11-30-17-15-59,Workshop Service,http://workshop.bioconductor.org HTTP/2 200,ok
2023-11-30-17-15-59,Archive,https://mghp.osn.xsede.org/bir190004-bucket01/archive.bioconductor.org/packages/3.17/index.html HTTP/1.1 200,ok
2023-11-30-17-26-34,Main site,http://bioconductor.org HTTP/1.1 200,ok
2023-11-30-17-26-35,Workshop Service,http://workshop.bioconductor.org HTTP/2 200,ok
2023-11-30-17-26-35,Archive,https://mghp.osn.xsede.org/bir190004-bucket01/archive.bioconductor.org/packages/3.17/index.html HTTP/1.1 200,ok
2023-11-30-17-34-30,Main site,http://bioconductor.org HTTP/1.1 200,ok
2023-11-30-17-34-30,Workshop Service,http://workshop.bioconductor.org HTTP/2 200,ok
2023-11-30-17-34-30,Archive,https://mghp.osn.xsede.org/bir190004-bucket01/archive.bioconductor.org/packages/3.17/index.html HTTP/1.1 200,ok
2023-11-30-17-42-20,Main site,http://bioconductor.org HTTP/1.1 200,ok
2023-11-30-17-42-20,Workshop Service,http://workshop.bioconductor.org HTTP/2 200,ok
2023-11-30-17-42-21,Archive,https://mghp.osn.xsede.org/bir190004-bucket01/archive.bioconductor.org/packages/3.17/index.html HTTP/1.1 200,ok
2023-11-30-18-16-51,Main_site,http://bioconductor.org HTTP/1.1 200,ok
2023-11-30-18-16-51,Workshop_Service,http://workshop.bioconductor.org HTTP/2 502,down
2023-11-30-18-16-51,Archive,https://mghp.osn.xsede.org/bir190004-bucket01/archive.bioconductor.org/packages/3.17/index.html HTTP/1.1 200,ok
2023-11-30-18-18-03,Main_site,http://bioconductor.org HTTP/1.1 200,ok
2023-11-30-18-18-03,Workshop_Service,http://workshop.bioconductor.org HTTP/2 502,down
2023-11-30-18-18-03,Archive,https://mghp.osn.xsede.org/bir190004-bucket01/archive.bioconductor.org/packages/3.17/index.html HTTP/1.1 200,ok
2023-11-30-18-18-54,Main_site,http://bioconductor.org HTTP/1.1 200,ok
2023-11-30-18-18-55,Workshop_Service,http://workshop.bioconductor.org HTTP/2 502,down
2023-11-30-18-18-55,Archive,https://mghp.osn.xsede.org/bir190004-bucket01/archive.bioconductor.org/packages/3.17/index.html HTTP/1.1 200,ok
2023-11-30-18-22-38,Main_site,http://bioconductor.org HTTP/1.1 200,ok
2023-11-30-18-22-38,Workshop_Service,http://workshop.bioconductor.org HTTP/2 502,down
2023-11-30-18-22-39,Archive,https://mghp.osn.xsede.org/bir190004-bucket01/archive.bioconductor.org/packages/3.17/index.html HTTP/1.1 200,ok
2023-11-30-18-23-04,Main_site,http://bioconductor.org HTTP/1.1 200,ok
2023-11-30-18-23-04,Workshop_Service,http://workshop.bioconductor.org HTTP/2 200,ok
2023-11-30-18-23-05,Archive,https://mghp.osn.xsede.org/bir190004-bucket01/archive.bioconductor.org/packages/3.17/index.html HTTP/1.1 200,ok
2023-11-30-18-24-38,Main_site,http://bioconductor.org HTTP/1.1 200,ok
2023-11-30-18-24-38,Workshop_Service,http://workshop.bioconductor.org HTTP/2 200,ok
2023-11-30-18-24-39,Archive,https://mghp.osn.xsede.org/bir190004-bucket01/archive.bioconductor.org/packages/3.17/index.html HTTP/1.1 200,ok
2023-11-30-18-25-11,Main_site,http://bioconductor.org HTTP/1.1 200,ok
2023-11-30-18-25-11,Workshop_Service,http://workshop.bioconductor.org HTTP/2 200,ok
2023-11-30-18-25-12,Archive,https://mghp.osn.xsede.org/bir190004-bucket01/archive.bioconductor.org/packages/3.17/index.html HTTP/1.1 200,ok
2023-11-30-18-26-45,Main_site,http://bioconductor.org HTTP/1.1 200,ok
2023-11-30-18-26-46,Workshop_Service,http://workshop.bioconductor.org HTTP/2 200,ok
2023-11-30-18-26-46,Archive,https://mghp.osn.xsede.org/bir190004-bucket01/archive.bioconductor.org/packages/3.17/index.html HTTP/1.1 200,ok
2023-11-30-18-29-49,Main_site,http://bioconductor.org HTTP/1.1 200,ok
2023-11-30-18-29-49,Workshop_Service,http://workshop.bioconductor.org HTTP/2 200,ok
2023-11-30-18-29-49,Archive,https://mghp.osn.xsede.org/bir190004-bucket01/archive.bioconductor.org/packages/3.17/index.html HTTP/1.1 200,ok
2023-11-30-18-34-50,Main_site,http://bioconductor.org HTTP/1.1 200,ok
2023-11-30-18-34-50,Workshop_Service,http://workshop.bioconductor.org HTTP/2 200,ok
2023-11-30-18-34-51,Archive,https://mghp.osn.xsede.org/bir190004-bucket01/archive.bioconductor.org/packages/3.17/index.html HTTP/1.1 200,ok
2023-11-30-18-42-35,Main_site,http://bioconductor.org HTTP/1.1 200,ok
2023-11-30-18-42-35,Workshop_Service,http://workshop.bioconductor.org HTTP/2 200,ok
2023-11-30-18-42-35,Archive,https://mghp.osn.xsede.org/bir190004-bucket01/archive.bioconductor.org/packages/3.17/index.html HTTP/1.1 200,ok
2023-11-30-18-50-08,Main_site,http://bioconductor.org HTTP/1.1 200,ok
2023-11-30-18-50-08,Workshop_Service,http://workshop.bioconductor.org HTTP/2 200,ok
2023-11-30-18-50-08,Archive,https://mghp.osn.xsede.org/bir190004-bucket01/archive.bioconductor.org/packages/3.17/index.html HTTP/1.1 200,ok
2023-11-30-18-57-37,Main_site,http://bioconductor.org HTTP/1.1 200,ok
2023-11-30-18-57-37,Workshop_Service,http://workshop.bioconductor.org HTTP/2 200,ok
2023-11-30-18-57-38,Archive,https://mghp.osn.xsede.org/bir190004-bucket01/archive.bioconductor.org/packages/3.17/index.html HTTP/1.1 200,ok
2023-11-30-19-26-11,Main_site,http://bioconductor.org HTTP/1.1 200,ok
2023-11-30-19-26-11,Workshop_Service,http://workshop.bioconductor.org HTTP/2 200,ok
2023-11-30-19-26-12,Archive,https://mghp.osn.xsede.org/bir190004-bucket01/archive.bioconductor.org/packages/3.17/index.html HTTP/1.1 200,ok
2023-11-30-19-49-29,Main_site,http://bioconductor.org HTTP/1.1 200,ok
2023-11-30-19-49-29,Workshop_Service,http://workshop.bioconductor.org HTTP/2 200,ok
2023-11-30-19-49-30,Archive,https://mghp.osn.xsede.org/bir190004-bucket01/archive.bioconductor.org/packages/3.17/index.html HTTP/1.1 200,ok
2023-11-30-20-22-11,Main_site,http://bioconductor.org HTTP/1.1 200,ok
2023-11-30-20-22-11,Workshop_Service,http://workshop.bioconductor.org HTTP/2 200,ok
2023-11-30-20-22-12,Archive,https://mghp.osn.xsede.org/bir190004-bucket01/archive.bioconductor.org/packages/3.17/index.html HTTP/1.1 200,ok
2023-11-30-20-49-05,Main_site,http://bioconductor.org HTTP/1.1 200,ok
2023-11-30-20-49-05,Workshop_Service,http://workshop.bioconductor.org HTTP/2 200,ok
2023-11-30-20-49-05,Archive,https://mghp.osn.xsede.org/bir190004-bucket01/archive.bioconductor.org/packages/3.17/index.html HTTP/1.1 200,ok
2023-11-30-21-11-21,Main_site,http://bioconductor.org HTTP/1.1 200,ok
2023-11-30-21-11-21,Workshop_Service,http://workshop.bioconductor.org HTTP/2 200,ok
2023-11-30-21-11-21,Archive,https://mghp.osn.xsede.org/bir190004-bucket01/archive.bioconductor.org/packages/3.17/index.html HTTP/1.1 200,ok
2023-11-30-21-27-34,Main_site,http://bioconductor.org HTTP/1.1 200,ok
2023-11-30-21-27-34,Workshop_Service,http://workshop.bioconductor.org HTTP/2 200,ok
2023-11-30-21-27-34,Archive,https://mghp.osn.xsede.org/bir190004-bucket01/archive.bioconductor.org/packages/3.17/index.html HTTP/1.1 200,ok
2023-11-30-21-41-22,Main_site,http://bioconductor.org HTTP/1.1 200,ok
2023-11-30-21-41-22,Workshop_Service,http://workshop.bioconductor.org HTTP/2 200,ok
2023-11-30-21-41-22,Archive,https://mghp.osn.xsede.org/bir190004-bucket01/archive.bioconductor.org/packages/3.17/index.html HTTP/1.1 200,ok
2023-11-30-21-49-18,Main_site,http://bioconductor.org HTTP/1.1 200,ok
2023-11-30-21-49-18,Workshop_Service,http://workshop.bioconductor.org HTTP/2 200,ok
2023-11-30-21-49-18,Archive,https://mghp.osn.xsede.org/bir190004-bucket01/archive.bioconductor.org/packages/3.17/index.html HTTP/1.1 200,ok
2023-11-30-21-57-02,Main_site,http://bioconductor.org HTTP/1.1 200,ok
2023-11-30-21-57-02,Workshop_Service,http://workshop.bioconductor.org HTTP/2 200,ok
2023-11-30-21-57-02,Archive,https://mghp.osn.xsede.org/bir190004-bucket01/archive.bioconductor.org/packages/3.17/index.html HTTP/1.1 200,ok
2023-11-30-22-06-53,Main_site,http://bioconductor.org HTTP/1.1 200,ok
2023-11-30-22-06-53,Workshop_Service,http://workshop.bioconductor.org HTTP/2 200,ok
2023-11-30-22-06-54,Archive,https://mghp.osn.xsede.org/bir190004-bucket01/archive.bioconductor.org/packages/3.17/index.html HTTP/1.1 200,ok
2023-11-30-22-18-10,Main_site,http://bioconductor.org HTTP/1.1 200,ok
2023-11-30-22-18-10,Workshop_Service,http://workshop.bioconductor.org HTTP/2 200,ok
2023-11-30-22-18-10,Archive,https://mghp.osn.xsede.org/bir190004-bucket01/archive.bioconductor.org/packages/3.17/index.html HTTP/1.1 200,ok
2023-11-30-22-26-22,Main_site,http://bioconductor.org HTTP/1.1 200,ok
2023-11-30-22-26-22,Workshop_Service,http://workshop.bioconductor.org HTTP/2 200,ok
2023-11-30-22-26-22,Archive,https://mghp.osn.xsede.org/bir190004-bucket01/archive.bioconductor.org/packages/3.17/index.html HTTP/1.1 200,ok
2023-11-30-22-34-31,Main_site,http://bioconductor.org HTTP/1.1 200,ok
2023-11-30-22-34-31,Workshop_Service,http://workshop.bioconductor.org HTTP/2 200,ok
2023-11-30-22-34-32,Archive,https://mghp.osn.xsede.org/bir190004-bucket01/archive.bioconductor.org/packages/3.17/index.html HTTP/1.1 200,ok
2023-11-30-22-42-18,Main_site,http://bioconductor.org HTTP/1.1 200,ok
2023-11-30-22-42-18,Workshop_Service,http://workshop.bioconductor.org HTTP/2 200,ok
2023-11-30-22-42-18,Archive,https://mghp.osn.xsede.org/bir190004-bucket01/archive.bioconductor.org/packages/3.17/index.html HTTP/1.1 200,ok
2023-11-30-22-49-47,Main_site,http://bioconductor.org HTTP/1.1 200,ok
2023-11-30-22-49-47,Workshop_Service,http://workshop.bioconductor.org HTTP/2 200,ok
2023-11-30-22-49-47,Archive,https://mghp.osn.xsede.org/bir190004-bucket01/archive.bioconductor.org/packages/3.17/index.html HTTP/1.1 200,ok
2023-11-30-22-57-22,Main_site,http://bioconductor.org HTTP/1.1 200,ok
2023-11-30-22-57-22,Workshop_Service,http://workshop.bioconductor.org HTTP/2 200,ok
2023-11-30-22-57-22,Archive,https://mghp.osn.xsede.org/bir190004-bucket01/archive.bioconductor.org/packages/3.17/index.html HTTP/1.1 200,ok
2023-11-30-23-07-22,Main_site,http://bioconductor.org HTTP/1.1 200,ok
2023-11-30-23-07-22,Workshop_Service,http://workshop.bioconductor.org HTTP/2 200,ok
2023-11-30-23-07-22,Archive,https://mghp.osn.xsede.org/bir190004-bucket01/archive.bioconductor.org/packages/3.17/index.html HTTP/1.1 200,ok
2023-11-30-23-19-23,Main_site,http://bioconductor.org HTTP/1.1 200,ok
2023-11-30-23-19-23,Workshop_Service,http://workshop.bioconductor.org HTTP/2 200,ok
2023-11-30-23-19-23,Archive,https://mghp.osn.xsede.org/bir190004-bucket01/archive.bioconductor.org/packages/3.17/index.html HTTP/1.1 200,ok
2023-11-30-23-29-28,Main_site,http://bioconductor.org HTTP/1.1 200,ok
2023-11-30-23-29-28,Workshop_Service,http://workshop.bioconductor.org HTTP/2 200,ok
2023-11-30-23-29-28,Archive,https://mghp.osn.xsede.org/bir190004-bucket01/archive.bioconductor.org/packages/3.17/index.html HTTP/1.1 200,ok
2023-11-30-23-37-39,Main_site,http://bioconductor.org HTTP/1.1 200,ok
2023-11-30-23-37-39,Workshop_Service,http://workshop.bioconductor.org HTTP/2 200,ok
2023-11-30-23-37-39,Archive,https://mghp.osn.xsede.org/bir190004-bucket01/archive.bioconductor.org/packages/3.17/index.html HTTP/1.1 200,ok
2023-11-30-23-45-23,Main_site,http://bioconductor.org HTTP/1.1 200,ok
2023-11-30-23-45-23,Workshop_Service,http://workshop.bioconductor.org HTTP/2 200,ok
2023-11-30-23-45-24,Archive,https://mghp.osn.xsede.org/bir190004-bucket01/archive.bioconductor.org/packages/3.17/index.html HTTP/1.1 200,ok
2023-11-30-23-53-13,Main_site,http://bioconductor.org HTTP/1.1 200,ok
2023-11-30-23-53-13,Workshop_Service,http://workshop.bioconductor.org HTTP/2 200,ok
2023-11-30-23-53-13,Archive,https://mghp.osn.xsede.org/bir190004-bucket01/archive.bioconductor.org/packages/3.17/index.html HTTP/1.1 200,ok
2023-12-01-00-01-24,Main_site,http://bioconductor.org HTTP/1.1 200,ok
2023-12-01-00-01-24,Workshop_Service,http://workshop.bioconductor.org HTTP/2 200,ok
2023-12-01-00-01-24,Archive,https://mghp.osn.xsede.org/bir190004-bucket01/archive.bioconductor.org/packages/3.17/index.html HTTP/1.1 200,ok
2023-12-01-00-11-32,Main_site,http://bioconductor.org HTTP/1.1 200,ok
2023-12-01-00-11-32,Workshop_Service,http://workshop.bioconductor.org HTTP/2 200,ok
2023-12-01-00-11-32,Archive,https://mghp.osn.xsede.org/bir190004-bucket01/archive.bioconductor.org/packages/3.17/index.html HTTP/1.1 200,ok
2023-12-01-00-22-46,Main_site,http://bioconductor.org HTTP/1.1 200,ok
2023-12-01-00-22-46,Workshop_Service,http://workshop.bioconductor.org HTTP/2 200,ok
2023-12-01-00-22-47,Archive,https://mghp.osn.xsede.org/bir190004-bucket01/archive.bioconductor.org/packages/3.17/index.html HTTP/1.1 200,ok
2023-12-01-00-30-39,Main_site,http://bioconductor.org HTTP/1.1 200,ok
2023-12-01-00-30-39,Workshop_Service,http://workshop.bioconductor.org HTTP/2 200,ok
2023-12-01-00-30-39,Archive,https://mghp.osn.xsede.org/bir190004-bucket01/archive.bioconductor.org/packages/3.17/index.html HTTP/1.1 200,ok
2023-12-01-00-38-16,Main_site,http://bioconductor.org HTTP/1.1 200,ok
2023-12-01-00-38-16,Workshop_Service,http://workshop.bioconductor.org HTTP/2 200,ok
2023-12-01-00-38-16,Archive,https://mghp.osn.xsede.org/bir190004-bucket01/archive.bioconductor.org/packages/3.17/index.html HTTP/1.1 200,ok
2023-12-01-00-45-59,Main_site,http://bioconductor.org HTTP/1.1 200,ok
2023-12-01-00-45-59,Workshop_Service,http://workshop.bioconductor.org HTTP/2 200,ok
2023-12-01-00-46-00,Archive,https://mghp.osn.xsede.org/bir190004-bucket01/archive.bioconductor.org/packages/3.17/index.html HTTP/1.1 200,ok
2023-12-01-00-53-51,Main_site,http://bioconductor.org HTTP/1.1 200,ok
2023-12-01-00-53-51,Workshop_Service,http://workshop.bioconductor.org HTTP/2 200,ok
2023-12-01-00-53-52,Archive,https://mghp.osn.xsede.org/bir190004-bucket01/archive.bioconductor.org/packages/3.17/index.html HTTP/1.1 200,ok
2023-12-01-01-02-31,Main_site,http://bioconductor.org HTTP/1.1 200,ok
2023-12-01-01-02-31,Workshop_Service,http://workshop.bioconductor.org HTTP/2 200,ok
2023-12-01-01-02-31,Archive,https://mghp.osn.xsede.org/bir190004-bucket01/archive.bioconductor.org/packages/3.17/index.html HTTP/1.1 200,ok
2023-12-01-01-13-50,Main_site,http://bioconductor.org HTTP/1.1 200,ok
2023-12-01-01-13-50,Workshop_Service,http://workshop.bioconductor.org HTTP/2 200,ok
2023-12-01-01-13-50,Archive,https://mghp.osn.xsede.org/bir190004-bucket01/archive.bioconductor.org/packages/3.17/index.html HTTP/1.1 200,ok
2023-12-01-01-26-31,Main_site,http://bioconductor.org HTTP/1.1 200,ok
2023-12-01-01-26-31,Workshop_Service,http://workshop.bioconductor.org HTTP/2 200,ok
2023-12-01-01-26-31,Archive,https://mghp.osn.xsede.org/bir190004-bucket01/archive.bioconductor.org/packages/3.17/index.html HTTP/1.1 200,ok
2023-12-01-01-35-24,Main_site,http://bioconductor.org HTTP/1.1 200,ok
2023-12-01-01-35-24,Workshop_Service,http://workshop.bioconductor.org HTTP/2 200,ok
2023-12-01-01-35-24,Archive,https://mghp.osn.xsede.org/bir190004-bucket01/archive.bioconductor.org/packages/3.17/index.html HTTP/1.1 200,ok
2023-12-01-01-43-11,Main_site,http://bioconductor.org HTTP/1.1 200,ok
2023-12-01-01-43-11,Workshop_Service,http://workshop.bioconductor.org HTTP/2 200,ok
2023-12-01-01-43-12,Archive,https://mghp.osn.xsede.org/bir190004-bucket01/archive.bioconductor.org/packages/3.17/index.html HTTP/1.1 200,ok
2023-12-01-01-51-03,Main_site,http://bioconductor.org HTTP/1.1 200,ok
2023-12-01-01-51-04,Workshop_Service,http://workshop.bioconductor.org HTTP/2 200,ok
2023-12-01-01-51-04,Archive,https://mghp.osn.xsede.org/bir190004-bucket01/archive.bioconductor.org/packages/3.17/index.html HTTP/1.1 200,ok
2023-12-01-01-58-34,Main_site,http://bioconductor.org HTTP/1.1 200,ok
2023-12-01-01-58-34,Workshop_Service,http://workshop.bioconductor.org HTTP/2 200,ok
2023-12-01-01-58-35,Archive,https://mghp.osn.xsede.org/bir190004-bucket01/archive.bioconductor.org/packages/3.17/index.html HTTP/1.1 200,ok
2023-12-01-02-08-18,Main_site,http://bioconductor.org HTTP/1.1 200,ok
2023-12-01-02-08-18,Workshop_Service,http://workshop.bioconductor.org HTTP/2 200,ok
2023-12-01-02-08-18,Archive,https://mghp.osn.xsede.org/bir190004-bucket01/archive.bioconductor.org/packages/3.17/index.html HTTP/1.1 200,ok
